keywords,search volume ,competition
fashion,1ook-1m,m
show,1ook-1m,l
audience,100k-1m,l
trends,100k-1m,h
target ,100k-1m,l
factory,10k-100k,l
designer,100k-1m,l
website,100k-1m,l
designing,10k-100k,l
course,100k-1m,l
courses,100k-1m,l
news,1m-10m,l
models,100k-1m,l
guides,10k-100k,l
tips,10k-100k,l
styles,10k-100k,l
clothing,10k-100k,l
men ,100k-1m,l
ladies,100k-1m,l
best,100k-1m,l
moments,10k-100k,l
footwear,10k-100k,m
accessories ,100k-1m,l
cosmetics,10k-100k,l
jewelry ,10k-100k,h
aesthetics,100k-1m,l
outfit,10k-100k,l
theme,100k-1m,l
edit,100k-1m,l
music,100k-1m,l
show,100k-1m,l
inspire ,100k-1m,m
latest,100k-1m,l
jeans,100k-1m,h
cargos,10k-100k,h
hacks,10k-100k,l
monochrome ,10k-100k,l
chunky,1k-10k,l
funky ,10k-100k,l
bags,100k-1m,h
london,100k-1m,l
week,100k-1m,l
hoodie,100k-1m,h
hairstyles,100k-1m,l
budget,100k-1m,l
colour,100k-1m,l
collection,10k-100k,l
combination,10k-100k,l
heels,100k-1m,h
trendy,1k-10k,l
